feature_index,feature_id,feature_name,feature_type,total_signal,mean_signal_per_cell,positive_cells,positive_fraction
0,ENSG00000121270,ABCC11,Gene Expression,823.0,0.001767862282883742,783,0.0016819394501797935
1,ENSG00000130234,ACE2,Gene Expression,5589.0,0.012005567799559216,3951,0.008487027800332522
2,ENSG00000213088,ACKR1,Gene Expression,28634.0,0.0615078597911216,16326,0.035069404168116616
3,ENSG00000107796,ACTA2,Gene Expression,604222.0,1.2979116455511306,182778,0.39262008789905783
4,ENSG00000163017,ACTG2,Gene Expression,172347.0,0.37021356120068566,93208,0.200217384766741
5,ENSG00000042980,ADAM28,Gene Expression,95362.0,0.20484432930784863,60631,0.13023968174182765
6,ENSG00000154734,ADAMTS1,Gene Expression,367776.0,0.7900088930131849,105603,0.22684272255087706
7,ENSG00000174837,ADGRE1,Gene Expression,20217.0,0.043427547719393216,15163,0.03257119780724931
8,ENSG00000162618,ADGRL4,Gene Expression,145577.0,0.3127097054135681,60958,0.13094210089918246
9,ENSG00000248144,ADH1C,Gene Expression,6069.0,0.013036641792006599,4686,0.010065859851267577
10,ENSG00000198099,ADH4,Gene Expression,2777.0,0.005965192660471631,2433,0.005226256299217673
11,ENSG00000181092,ADIPOQ,Gene Expression,3526.0,0.0075740977028530675,2931,0.0062959955663818325
12,ENSG00000204305,AGER,Gene Expression,5955.0,0.012791761718800346,4771,0.010248445870763467
13,ENSG00000173467,AGR3,Gene Expression,2779.0,0.005969488802106828,2363,0.0050758913419857625
14,ENSG00000169877,AHSP,Gene Expression,3364.0,0.007226110230402076,2842,0.006104817263615547
15,ENSG00000204472,AIF1,Gene Expression,290435.0,0.6238749479092827,151294,0.3249902262777799
16,ENSG00000158578,ALAS2,Gene Expression,2732.0,0.005868529473679688,2285,0.0049083418182130625
17,ENSG00000184254,ALDH1A3,Gene Expression,41634.0,0.08943278041990488,27296,0.05863374103717452
18,ENSG00000243480,AMY2A,Gene Expression,14111.0,0.03031142730713546,11377,0.024438601691820577
19,ENSG00000091879,ANGPT2,Gene Expression,59163.0,0.12708631378159274,32805,0.07046746317132584
20,ENSG00000166825,ANPEP,Gene Expression,97188.0,0.20876670662078387,46407,0.09968552243230355
21,ENSG00000154856,APCDD1,Gene Expression,27081.0,0.05817190581139079,19291,0.0414384341422968
22,ENSG00000110243,APOA5,Gene Expression,6175.0,0.013264337298672062,5043,0.010832721133150317
23,ENSG00000128383,APOBEC3A,Gene Expression,21735.0,0.04668831922050806,16084,0.03454957103025773
24,ENSG00000178878,APOLD1,Gene Expression,166786.0,0.3582681393840192,76166,0.1636099618932237
25,ENSG00000167580,AQP2,Gene Expression,2091.0,0.004491616079598912,1720,0.0036946818062697892
26,ENSG00000165272,AQP3,Gene Expression,3690.0,0.007926381316939258,3152,0.006770719217071148
27,ENSG00000103375,AQP8,Gene Expression,4810.0,0.010332220632649818,3945,0.00847413937542693
28,ENSG00000103569,AQP9,Gene Expression,20559.0,0.04416218793901197,14434,0.031005254181219848
29,ENSG00000169083,AR,Gene Expression,3400.0,0.00730344077983563,3020,0.006487173869148118
30,ENSG00000112379,ARFGEF3,Gene Expression,2031.0,0.004362731830542989,1972,0.004235995652304665
31,ENSG00000139352,ASCL1,Gene Expression,2321.0,0.004985672367646616,1809,0.0038858601090360745
32,ENSG00000176009,ASCL3,Gene Expression,6242.0,0.013408258043451176,5237,0.011249446871764468
33,ENSG00000106819,ASPN,Gene Expression,30789.0,0.06613695240304682,19178,0.04119570213990815
34,ENSG00000163399,ATP1A1,Gene Expression,373305.0,0.8018855765636882,159742,0.34313712854485384
35,ENSG00000095739,BAMBI,Gene Expression,44755.0,0.09613690944163047,25239,0.05421515936537396
36,ENSG00000153064,BANK1,Gene Expression,75822.0,0.16287102553196975,37491,0.0805333230225934
37,ENSG00000176788,BASP1,Gene Expression,380252.0,0.8168082245335464,156843,0.3369098712446352
38,ENSG00000129151,BBOX1,Gene Expression,3494.0,0.007505359436689909,2687,0.005771866286887746
39,ENSG00000171791,BCL2,Gene Expression,76456.0,0.16423290243032732,58750,0.1261991605339245
40,ENSG00000153094,BCL2L11,Gene Expression,189095.0,0.40618945125382894,97065,0.20850249391021924
41,ENSG00000102010,BMX,Gene Expression,11207.0,0.024073429652828795,7630,0.016389780338278193
42,ENSG00000165810,BTNL9,Gene Expression,17797.0,0.038229216340804326,11198,0.024054097015470406
43,ENSG00000166920,C15orf48,Gene Expression,9739.0,0.020920061692593882,7010,0.01505797643136699
44,ENSG00000143110,C1orf162,Gene Expression,477721.0,1.0261785390540756,186553,0.400729055235493
45,ENSG00000179902,C1orf194,Gene Expression,4714.0,0.01012600583416034,4029,0.008654577324105222
46,ENSG00000124237,C20orf85,Gene Expression,740.0,0.0015895724050230488,596,0.0012802502072888338
47,ENSG00000178776,C5orf46,Gene Expression,27528.0,0.05913209346685742,15895,0.03414358564573157
48,ENSG00000112539,C6orf118,Gene Expression,2651.0,0.005694535737454192,1978,0.004248884077210258
49,ENSG00000112936,C7,Gene Expression,57796.0,0.12414990097393531,36035,0.07740573191216968
50,ENSG00000167434,CA4,Gene Expression,2796.0,0.006006006006006006,2295,0.00492982252638905
51,ENSG00000203697,CAPN8,Gene Expression,5057.0,0.0108627941245967,4180,0.008978936017562627
52,ENSG00000105974,CAV1,Gene Expression,254577.0,0.5468494245318279,92565,0.198836175231025
53,ENSG00000177469,CAVIN1,Gene Expression,573643.0,1.2322257880197793,173655,0.37302323783010477
54,ENSG00000168497,CAVIN2,Gene Expression,36266.0,0.07790193627103498,23664,0.05083194782765598
55,ENSG00000284862,CCDC39,Gene Expression,5052.0,0.010852053770508706,4233,0.009092783770895358
56,ENSG00000162004,CCDC78,Gene Expression,2539.0,0.0054539518058831365,1961,0.004212366873311079
57,ENSG00000172724,CCL19,Gene Expression,29748.0,0.06390081068192656,18873,0.04054054054054054
58,ENSG00000213927,CCL27,Gene Expression,1524.0,0.003273659926020441,1224,0.002629238680740827
59,ENSG00000271503,CCL5,Gene Expression,301754.0,0.6481889614936825,133971,0.2877791955045174
60,ENSG00000157456,CCNB2,Gene Expression,38763.0,0.08326566910257897,23851,0.05123363707054694
61,ENSG00000121807,CCR2,Gene Expression,33921.0,0.072864710203766,21763,0.04674846520340083
62,ENSG00000126353,CCR7,Gene Expression,53658.0,0.11526118393071183,33756,0.07251027851886221
63,ENSG00000170458,CD14,Gene Expression,247874.0,0.5324509058414638,114446,0.24583811279090248
64,ENSG00000177575,CD163,Gene Expression,340655.0,0.7317510643690901,136954,0.29418689075341437
65,ENSG00000177455,CD19,Gene Expression,26393.0,0.05669403308888287,17611,0.03782967516873096
66,ENSG00000158477,CD1A,Gene Expression,3824.0,0.008214222806497485,3362,0.007221814088766878
67,ENSG00000158481,CD1C,Gene Expression,14517.0,0.03118354405908054,10509,0.02257407622214489
68,ENSG00000158488,CD1E,Gene Expression,7462.0,0.01602890444092161,6127,0.013161229899427324
69,ENSG00000116824,CD2,Gene Expression,186907.0,0.40148947230492293,101855,0.21879175312651708
70,ENSG00000198821,CD247,Gene Expression,63011.0,0.1353520902877126,43636,0.09373321819673751
71,ENSG00000139193,CD27,Gene Expression,70070.0,0.15051532218914193,48157,0.1034446463631013
72,ENSG00000120217,CD274,Gene Expression,24366.0,0.05233989354161028,17748,0.038123960870741984
73,ENSG00000178562,CD28,Gene Expression,56662.0,0.12171398866677836,35720,0.07672908960462609
74,ENSG00000186407,CD300E,Gene Expression,23194.0,0.04982235454338459,14210,0.030524086318077733
75,ENSG00000174059,CD34,Gene Expression,192221.0,0.4129043206296425,70480,0.1513960312243574
76,ENSG00000167286,CD3D,Gene Expression,111396.0,0.2392864967972264,69454,0.14919211056550113
77,ENSG00000198851,CD3E,Gene Expression,295318.0,0.6343639777116172,136123,0.2924018439039898
78,ENSG00000160654,CD3G,Gene Expression,87065.0,0.1870217857342321,57765,0.12408331077858975
79,ENSG00000010610,CD4,Gene Expression,261022.0,0.5606937409512517,127528,0.2739391752267289
80,ENST00000697631.1,CD45RA,Gene Expression,40.0,8.592283270394858e-05,40,8.592283270394858e-05
81,ENST00000348564.12,CD45RO,Gene Expression,22022.0,0.04730481554515889,17232,0.03701555632886105
82,ENSG00000073754,CD5L,Gene Expression,8046.0,0.01728337779839926,5502,0.011818685638428127
83,ENSG00000129226,CD68,Gene Expression,556116.0,1.1945765507997268,186913,0.40150236072982853
84,ENSG00000110848,CD69,Gene Expression,76517.0,0.16436393475020084,52097,0.11190804538444023
85,ENSG00000125726,CD70,Gene Expression,14513.0,0.031174951775810145,11375,0.02443430555018538
86,ENSG00000105369,CD79A,Gene Expression,80306.0,0.17250297507808238,39381,0.08459317686785497
87,ENSG00000112149,CD83,Gene Expression,49232.0,0.10575382249201992,29207,0.06273870436960566
88,ENSG00000114013,CD86,Gene Expression,76289.0,0.16387417460378834,49358,0.10602447941503736
89,ENSG00000153563,CD8A,Gene Expression,374174.0,0.8037522501041814,141293,0.30350737003097517
90,ENSG00000125810,CD93,Gene Expression,258865.0,0.5560603521976912,102391,0.21994311908474998
91,ENSG00000039068,CDH1,Gene Expression,21558.0,0.04630811068579309,12828,0.027555452448156312
92,ENSG00000166589,CDH16,Gene Expression,33898.0,0.07281530457496123,17421,0.037421541713387206
93,ENSG00000170558,CDH2,Gene Expression,156467.0,0.3361021966172181,61145,0.1313437901420734
94,ENSG00000170312,CDK1,Gene Expression,120485.0,0.25881031245838115,50440,0.10834869203967916
95,ENSG00000117724,CENPF,Gene Expression,66677.0,0.1432269179050295,34947,0.07506863086262228
96,ENSG00000172361,CFAP53,Gene Expression,10123.0,0.021744920886551788,7888,0.01694398260921866
97,ENSG00000243649,CFB,Gene Expression,177726.0,0.38176803412854915,68617,0.147394175291171
98,ENSG00000244414,CFHR1,Gene Expression,16813.0,0.036115514656287186,13408,0.028801333522363564
99,ENSG00000116785,CFHR3,Gene Expression,75161.0,0.16145115072153698,49781,0.10693311337088161
100,ENSG00000001626,CFTR,Gene Expression,4527.0,0.009724316591269381,3875,0.00832377441819502
101,ENSG00000100604,CHGA,Gene Expression,1566.0,0.003363878900359587,1414,0.0030373721360845824
102,ENSG00000016490,CLCA1,Gene Expression,5301.0,0.011386923404090785,4103,0.008813534564607525
103,ENSG00000137975,CLCA2,Gene Expression,6014.0,0.01291849789703867,5083,0.010918643965854267
104,ENSG00000132514,CLEC10A,Gene Expression,15324.0,0.0329170372088827,11572,0.024857475501252325
105,ENSG00000176435,CLEC14A,Gene Expression,101448.0,0.2179174883037544,41063,0.08820623198305602
106,ENSG00000166523,CLEC4E,Gene Expression,63924.0,0.13731327894418024,44086,0.09469985006465693
107,ENSG00000184293,CLECL1,Gene Expression,36780.0,0.07900604467128072,26827,0.05762629582372072
108,ENSG00000159212,CLIC6,Gene Expression,7667.0,0.016469258958529343,6615,0.014209488458415498
109,ENSG00000130176,CNN1,Gene Expression,21829.0,0.046890237877362344,13765,0.029568194804246307
110,ENSG00000100473,COCH,Gene Expression,7351.0,0.01579046858016815,6195,0.013307298715024037
111,ENSG00000065618,COL17A1,Gene Expression,3064.0,0.0065816889851224615,2581,0.005544170780222283
112,ENSG00000204262,COL5A2,Gene Expression,232333.0,0.4990677372651622,105563,0.2267567997181731
113,ENSG00000163751,CPA3,Gene Expression,5579.0,0.011984087091383228,4075,0.008753388581714762
114,ENSG00000145708,CRHBP,Gene Expression,520.0,0.0011169968251513317,515,0.001106256471063338
115,ENSG00000103196,CRISPLD2,Gene Expression,133333.0,0.28640872632288944,64854,0.13931098480454704
116,ENSG00000198223,CSF2RA,Gene Expression,43081.0,0.09254103889297022,33059,0.07101307315899591
117,ENSG00000108342,CSF3,Gene Expression,7771.0,0.016692658323559612,4954,0.010641542830384033
118,ENSG00000163599,CTLA4,Gene Expression,132320.0,0.2842327305846619,60579,0.13012798205931253
119,ENSG00000168036,CTNNB1,Gene Expression,276751.0,0.5944807468412618,140387,0.30156121787023077
120,ENSG00000100448,CTSG,Gene Expression,1576.0,0.003385359608535574,1183,0.0025411677772192794
121,ENSG00000143387,CTSK,Gene Expression,78426.0,0.1684646019409968,51227,0.11003922377312936
122,ENSG00000169245,CXCL10,Gene Expression,255532.0,0.5489008321626347,67722,0.14547165190942016
123,ENSG00000081041,CXCL2,Gene Expression,129837.0,0.2788990707445643,55957,0.12019959874037127
124,ENSG00000124875,CXCL6,Gene Expression,965584.0,2.0741428123402375,128386,0.27578221998822855
125,ENSG00000138755,CXCL9,Gene Expression,239927.0,0.5153801870540068,90054,0.19344236940803464
126,ENSG00000121966,CXCR4,Gene Expression,337104.0,0.724123264895797,159135,0.3418332495585715
127,ENSG00000140465,CYP1A1,Gene Expression,5699.0,0.012241855589495074,4939,0.010609321768120052
128,ENSG00000198077,CYP2A7,Gene Expression,6646.0,0.014276078653761057,5776,0.012407257042450175
129,ENSG00000197408,CYP2B6,Gene Expression,4379.0,0.00940640211026477,3851,0.00827222071857265
130,ENSG00000197446,CYP2F1,Gene Expression,7374.0,0.015839874208972923,5981,0.012847611560057912
131,ENSG00000160868,CYP3A4,Gene Expression,2839.0,0.006098373051162751,2614,0.00561505711720304
132,ENSG00000142973,CYP4B1,Gene Expression,5070.0,0.010890719045225483,4009,0.008611615907753247
133,ENSG00000115165,CYTIP,Gene Expression,162998.0,0.35013124712695526,93819,0.2015298560362938
134,ENSG00000099958,DERL3,Gene Expression,14634.0,0.03143486834473959,11928,0.025622188712317466
135,ENSG00000175084,DES,Gene Expression,10787.0,0.023171239909437334,6096,0.013094639704081763
136,ENSG00000162595,DIRAS3,Gene Expression,3250.0,0.006981230157195822,2892,0.0062122208044954825
137,ENSG00000187908,DMBT1,Gene Expression,2734.0,0.005872825615314886,2169,0.004659165603371612
138,ENSG00000154099,DNAAF1,Gene Expression,5848.0,0.012561918141317283,5061,0.010871386407867095
139,ENSG00000163687,DNASE1L3,Gene Expression,9719.0,0.020877100276241907,6997,0.015030051510738206
140,ENSG00000015413,DPEP1,Gene Expression,4200.0,0.009021897433914601,3277,0.007039228069270988
141,ENSG00000143196,DPT,Gene Expression,22952.0,0.0493025214055257,16922,0.036349654375405445
142,ENSG00000151914,DST,Gene Expression,305699.0,0.6566631008691095,115001,0.24703029209466978
143,ENSG00000158050,DUSP2,Gene Expression,32927.0,0.07072952781107288,23594,0.05068158287042407
144,ENSG00000249751,ECSCR,Gene Expression,68020.0,0.14611177701306458,41324,0.08876687846644928
145,ENSG00000078401,EDN1,Gene Expression,101834.0,0.2187466436393475,44512,0.09561492823295398
146,ENSG00000136160,EDNRB,Gene Expression,103028.0,0.22131144019556037,58531,0.12572873302487036
147,ENSG00000172889,EGFL7,Gene Expression,86441.0,0.1856813895440505,42551,0.0914025613596429
148,ENSG00000146648,EGFR,Gene Expression,61700.0,0.1325359694458407,30475,0.06546245816632083
149,ENSG00000135373,EHF,Gene Expression,11816.0,0.02538160478074641,8790,0.0188815424866927
150,ENSG00000135374,ELF5,Gene Expression,14085.0,0.030255577465877894,10882,0.02337530663710921
151,ENSG00000119888,EPCAM,Gene Expression,11255.0,0.024176537052073534,7449,0.016000979520292825
152,ENSG00000141736,ERBB2,Gene Expression,188786.0,0.40552569737119093,74745,0.16055755326141594
153,ENSG00000157554,ERG,Gene Expression,30675.0,0.06589207232984057,22701,0.04876335563030842
154,ENSG00000091831,ESR1,Gene Expression,16310.0,0.035035035035035036,13336,0.028646672423496458
155,ENSG00000026103,FAS,Gene Expression,119761.0,0.2572551091864397,72655,0.1560680852526346
156,ENSG00000077942,FBLN1,Gene Expression,67581.0,0.14516877392413874,40995,0.08806016316745931
157,ENSG00000166147,FBN1,Gene Expression,254251.0,0.5461491534452908,116746,0.2507786756713795
158,ENSG00000179639,FCER1A,Gene Expression,4573.0,0.009823127848878921,3712,0.007973638874926428
159,ENSG00000150337,FCGR1A,Gene Expression,227724.0,0.4891672788668497,113498,0.24380174165581892
160,ENSG00000203747,FCGR3A,Gene Expression,945545.0,2.0310976212263765,213647,0.4589288859675126
161,ENSG00000162747,FCGR3B,Gene Expression,532185.0,1.143171068063772,178284,0.3829666576447692
162,ENSG00000085265,FCN1,Gene Expression,14184.0,0.03046823647682017,9305,0.01998779895775604
163,ENSG00000160339,FCN2,Gene Expression,2438.0,0.005236996653305666,2138,0.004592575408026052
164,ENSG00000137440,FGFBP1,Gene Expression,3757.0,0.008070302061718371,3177,0.006824420987511117
165,ENSG00000137441,FGFBP2,Gene Expression,4409.0,0.009470844234792733,3851,0.00827222071857265
166,ENSG00000127951,FGL2,Gene Expression,381959.0,0.8204749814191874,147889,0.3176760451438563
167,ENSG00000115641,FHL2,Gene Expression,116824.0,0.25094622519515225,68569,0.14729106789192625
168,ENSG00000134285,FKBP11,Gene Expression,145740.0,0.31305984095683664,77873,0.1672767187788647
169,ENSG00000129514,FOXA1,Gene Expression,694.0,0.001490761147413508,613,0.001316767411188012
170,ENSG00000168269,FOXI1,Gene Expression,3757.0,0.008070302061718371,3258,0.006998414723736612
171,ENSG00000129654,FOXJ1,Gene Expression,3290.0,0.007067152989899771,2715,0.00583201226978051
172,ENSG00000049768,FOXP3,Gene Expression,35148.0,0.07550039309695962,19228,0.041303105680788085
173,ENSG00000070404,FSTL3,Gene Expression,79115.0,0.16994462273432231,42635,0.0915829993083212
174,ENSG00000137731,FXYD2,Gene Expression,17235.0,0.03702200054131385,9840,0.02113701684517135
175,ENSG00000179348,GATA2,Gene Expression,7943.0,0.01706212650418659,6427,0.01380565114470694
176,ENSG00000107485,GATA3,Gene Expression,37021.0,0.07952372973832202,26378,0.056661812026618893
177,ENSG00000171766,GATM,Gene Expression,13487.0,0.028971031116953865,11084,0.023809216942264153
178,ENSG00000115263,GCG,Gene Expression,2381.0,0.00511455661670254,2075,0.004457246946517333
179,ENSG00000130513,GDF15,Gene Expression,6654.0,0.014293263220301847,4575,0.009827423990514119
180,ENSG00000164949,GEM,Gene Expression,79684.0,0.17116687502953598,45525,0.09779092397118148
181,ENSG00000157017,GHRL,Gene Expression,8470.0,0.01819415982506111,6249,0.013423294539174367
182,ENSG00000183607,GKN2,Gene Expression,2526.0,0.005426026885254353,2153,0.004624796470290032
183,ENSG00000139278,GLIPR1,Gene Expression,116003.0,0.2491826590539037,81809,0.17573152551693325
184,ENSG00000166840,GLYATL1,Gene Expression,3505.0,0.007528988215683495,2721,0.005844900694686102
185,ENSG00000127920,GNG11,Gene Expression,254595.0,0.5468880898065448,107553,0.23103146064519456
186,ENSG00000115523,GNLY,Gene Expression,25059.0,0.053828506618206186,12313,0.026449195977092974
187,ENSG00000063660,GPC1,Gene Expression,19983.0,0.04292489914807512,14829,0.03185374215417134
188,ENSG00000147257,GPC3,Gene Expression,11765.0,0.025272053169048878,8339,0.01791276254795568
189,ENSG00000169508,GPR183,Gene Expression,111508.0,0.23952708072879747,68716,0.14760683430211327
190,ENSG00000013588,GPRC5A,Gene Expression,17246.0,0.03704562932030743,11918,0.025600708004141482
191,ENSG00000176153,GPX2,Gene Expression,901.0,0.001935411806656442,840,0.0018043794867829202
192,ENSG00000170180,GYPA,Gene Expression,8253.0,0.01772802845764219,6407,0.013762689728354965
193,ENSG00000250361,GYPB,Gene Expression,2603.0,0.005591428338209454,2063,0.004431470096706148
194,ENSG00000145649,GZMA,Gene Expression,98007.0,0.2105259766203972,61787,0.13272285160697178
195,ENSG00000100453,GZMB,Gene Expression,55160.0,0.1184875862987451,26949,0.05788836046346776
196,ENSG00000113088,GZMK,Gene Expression,149547.0,0.321237546559435,82706,0.1776583450403193
197,ENSG00000105697,HAMP,Gene Expression,31117.0,0.0668415196312192,18228,0.03915503486318937
198,ENSG00000135077,HAVCR2,Gene Expression,354608.0,0.761723096487045,145074,0.31162922579231594
199,ENSG00000136929,HEMGN,Gene Expression,4123.0,0.0088564959809595,3647,0.007834014271782512
200,ENSG00000188175,HEPACAM2,Gene Expression,5398.0,0.011595286273397861,4407,0.009466548093157535
201,ENSG00000188290,HES4,Gene Expression,3506.0,0.007531136286501094,3009,0.0064635450901545325
202,ENSG00000131097,HIGD1B,Gene Expression,12913.0,0.0277380384676522,9637,0.020700958469198814
203,ENSG00000232629,HLA-DQB2,Gene Expression,39160.0,0.08411845321716567,26729,0.05741578488359604
204,ENSG00000204287,HLA-DRA,Gene Expression,3630380.0,7.798313334794021,382221,0.8210377759733983
205,ENSG00000196126,HLA-DRB1,Gene Expression,984668.0,2.1151365958232913,279364,0.6000936558876473
206,ENSG00000198502,HLA-DRB5,Gene Expression,187261.0,0.4022498893743529,118663,0.25489652742871627
207,ENSG00000134240,HMGCS2,Gene Expression,1732.0,0.0037204586560809737,1568,0.0033681750419947845
208,ENSG00000163106,HPGDS,Gene Expression,4089.0,0.008783461573161145,3620,0.0077760163597073466
209,ENSG00000110169,HPX,Gene Expression,4036.0,0.008669613819828411,3204,0.006882418899586282
210,ENSG00000017427,IGF1,Gene Expression,58051.0,0.12469765903242298,38523,0.08275013210635528
211,ENSG00000140749,IGSF6,Gene Expression,72485.0,0.15570291321364282,49898,0.10718443765654066
212,ENSG00000115590,IL1R2,Gene Expression,21664.0,0.046535806192458555,15837,0.03401899753831084
213,ENSG00000115602,IL1RL1,Gene Expression,5059.0,0.010867090266231897,3694,0.007934973600209652
214,ENSG00000134460,IL2RA,Gene Expression,129676.0,0.2785532313429309,64897,0.1394033518497038
215,ENSG00000185291,IL3RA,Gene Expression,36892.0,0.07924662860285178,24238,0.052064940476957644
216,ENSG00000168685,IL7R,Gene Expression,155142.0,0.3332560027838998,67966,0.14599578118891424
217,ENSG00000241644,INMT,Gene Expression,38887.0,0.08353202988396122,26354,0.056610258326996524
218,ENSG00000254647,INS,Gene Expression,1399.0,0.0030051510738206017,1271,0.0027301980091679664
219,ENSG00000140968,IRF8,Gene Expression,80521.0,0.1729648103038661,54400,0.11685505247737007
220,ENSG00000140678,ITGAX,Gene Expression,132132.0,0.28382889327095334,57372,0.12323911894727345
221,ENSG00000171303,KCNK3,Gene Expression,7362.0,0.015814097359161738,6087,0.013075307066723376
222,ENSG00000156113,KCNMA1,Gene Expression,214173.0,0.4600587712175695,91623,0.19681269252084702
223,ENSG00000157404,KIT,Gene Expression,7160.0,0.015380187054006797,5344,0.011479290449247531
224,ENSG00000167757,KLK11,Gene Expression,1158.0,0.0024874660067793113,1053,0.0022619185709314466
225,ENSG00000111796,KLRB1,Gene Expression,58279.0,0.1251874191788355,32951,0.07078108151069525
226,ENSG00000134545,KLRC1,Gene Expression,19141.0,0.041116223519657,15084,0.03240150021265901
227,ENSG00000134539,KLRD1,Gene Expression,19541.0,0.04197545184669648,13722,0.02947582775908956
228,ENSG00000113889,KNG1,Gene Expression,1771.0,0.0038042334179673237,1471,0.0031598121726877093
229,ENSG00000171401,KRT13,Gene Expression,18114.0,0.038910154789983116,12558,0.02697547332740466
230,ENSG00000111057,KRT18,Gene Expression,440958.0,0.947209011586694,141325,0.3035761082971383
231,ENSG00000171431,KRT20,Gene Expression,2236.0,0.004803086348150726,1807,0.0038815639674008775
232,ENSG00000170477,KRT4,Gene Expression,5148.0,0.011058268568998183,4061,0.00872331559026838
233,ENSG00000186081,KRT5,Gene Expression,7494.0,0.016097642707084768,5216,0.011204337384594896
234,ENSG00000205420,KRT6A,Gene Expression,27677.0,0.059452156018679626,18899,0.04059639038179811
235,ENSG00000135480,KRT7,Gene Expression,33142.0,0.0711913630368566,24625,0.052896243883368346
236,ENSG00000170421,KRT8,Gene Expression,463276.0,0.9951496560938621,139618,0.2999093514114973
237,ENSG00000089692,LAG3,Gene Expression,54594.0,0.11727177821598422,36262,0.07789334398776458
238,ENSG00000078081,LAMP3,Gene Expression,25573.0,0.05493261501845193,17914,0.038480540626463375
239,ENSG00000153902,LGI4,Gene Expression,65538.0,0.14078026524378456,31851,0.06841820361133666
240,ENSG00000139292,LGR5,Gene Expression,2045.0,0.004392804821989372,1751,0.0037612720016153493
241,ENSG00000128342,LIF,Gene Expression,100020.0,0.21485004317622344,40498,0.08699257197111275
242,ENSG00000239961,LILRA4,Gene Expression,12491.0,0.026831552582625543,8775,0.01884932142442872
243,ENSG00000187116,LILRA5,Gene Expression,9649.0,0.02072673531901,7181,0.01542529654117637
244,ENSG00000131042,LILRB2,Gene Expression,75236.0,0.1616122560328569,48344,0.10384633560599225
245,ENSG00000186818,LILRB4,Gene Expression,27558.0,0.05919653559138538,21037,0.04518896578982416
246,ENSG00000175445,LPL,Gene Expression,2185.0,0.004693534736453191,1984,0.004261772502115849
247,ENSG00000119681,LTBP2,Gene Expression,70398.0,0.15121988941731432,43146,0.09268066349611415
248,ENSG00000167656,LY6D,Gene Expression,506.0,0.0010869238337049495,420,0.0009021897433914601
249,ENSG00000112799,LY86,Gene Expression,54037.0,0.11607530277058174,37302,0.08012733763806726
250,ENSG00000133800,LYVE1,Gene Expression,79802.0,0.1714203473860126,37449,0.08044310404825426
251,ENSG00000144063,MALL,Gene Expression,119770.0,0.25727444182379805,61641,0.13240923326760237
252,ENSG00000165072,MAMDC2,Gene Expression,13425.0,0.028837850726262743,9262,0.019895431912599293
253,ENSG00000019169,MARCO,Gene Expression,8259.0,0.017740916882547784,5070,0.010890719045225483
254,ENSG00000183019,MCEMP1,Gene Expression,9191.0,0.019742918884549786,6833,0.014677767896652016
255,ENSG00000126217,MCF2L,Gene Expression,40449.0,0.0868873165010504,24196,0.0519747215026185
256,ENSG00000135679,MDM2,Gene Expression,334513.0,0.7185576134073988,163650,0.35153178930002965
257,ENSG00000102802,MEDAG,Gene Expression,34702.0,0.07454235351231059,20875,0.044840978317373166
258,ENSG00000081189,MEF2C,Gene Expression,123640.0,0.2655874758879051,80035,0.17192084788651313
259,ENSG00000106484,MEST,Gene Expression,55486.0,0.11918785738528227,37624,0.08081901644133403
260,ENSG00000105976,MET,Gene Expression,663057.0,1.4242933921045509,117345,0.2520653700911212
261,ENSG00000197614,MFAP5,Gene Expression,9981.0,0.02143989483045277,7699,0.016537997224692503
262,ENSG00000148773,MKI67,Gene Expression,226746.0,0.48706646560723815,72953,0.15670821035627902
263,ENSG00000120215,MLANA,Gene Expression,7436.0,0.01597305459966404,5986,0.012858351914145905
264,ENSG00000115648,MLPH,Gene Expression,8791.0,0.0188836905575103,6558,0.014087048421812371
265,ENSG00000138722,MMRN1,Gene Expression,113726.0,0.24429150180223141,41073,0.088227712691232
266,ENSG00000173269,MMRN2,Gene Expression,56866.0,0.1221521951135685,35241,0.0757001636829963
267,ENSG00000163563,MNDA,Gene Expression,98900.0,0.21244420386051288,60586,0.1301430185550357
268,ENSG00000197629,MPEG1,Gene Expression,115475.0,0.24804847766221158,66156,0.14210777300906055
269,ENSG00000260314,MRC1,Gene Expression,54053.0,0.11610967190366332,32597,0.0700206644412653
270,ENSG00000156738,MS4A1,Gene Expression,202410.0,0.4347910141901558,45449,0.09762767058904398
271,ENSG00000149534,MS4A2,Gene Expression,4833.0,0.010381626261454587,3826,0.008218518948132683
272,ENSG00000110079,MS4A4A,Gene Expression,194482.0,0.4177611087482332,97642,0.2097419307719737
273,ENSG00000110077,MS4A6A,Gene Expression,506662.0,1.0883458565861999,181636,0.3901669910253601
274,ENSG00000270188,MTRNR2L11,Gene Expression,113669.0,0.24416906176562828,66518,0.1428853746450313
275,ENSG00000185499,MUC1,Gene Expression,28721.0,0.061694741952252684,20225,0.043444732285934005
276,ENSG00000196091,MYBPC1,Gene Expression,381.0,0.0008184149815051102,379,0.0008141188398699128
277,ENSG00000136997,MYC,Gene Expression,202756.0,0.43553424669304497,96637,0.20758311960028697
278,ENSG00000133392,MYH11,Gene Expression,37530.0,0.08061709778447976,19637,0.04218166664518596
279,ENSG00000065534,MYLK,Gene Expression,466598.0,1.002285547349925,154534,0.33194997572679974
280,ENSG00000170476,MZB1,Gene Expression,122659.0,0.26348021841584074,40064,0.0860603092362749
281,ENSG00000144035,NAT8,Gene Expression,2624.0,0.005636537825379027,2371,0.0050930759085265525
282,ENSG00000149294,NCAM1,Gene Expression,6680.0,0.014349113061559414,5015,0.010772575150257554
283,ENSG00000105374,NKG7,Gene Expression,109538.0,0.23529538121812799,63394,0.13617480141085292
284,ENSG00000107281,NPDC1,Gene Expression,39224.0,0.08425592974949198,27785,0.05968414766698028
285,ENSG00000074527,NTN4,Gene Expression,74444.0,0.15991098394531872,36530,0.07846902696688104
286,ENSG00000106809,OGN,Gene Expression,12118.0,0.026030322167661223,9130,0.019611886564676263
287,ENSG00000171199,OPRPN,Gene Expression,3208.0,0.006891011182856677,2851,0.006124149900973935
288,ENSG00000132646,PCNA,Gene Expression,311389.0,0.6688856238212462,118372,0.25427143882079506
289,ENSG00000106333,PCOLCE,Gene Expression,42675.0,0.09166892214102515,30275,0.06503284400280109
290,ENSG00000183036,PCP4,Gene Expression,1901.0,0.0040834826242551565,1513,0.003250031147026855
291,ENSG00000125851,PCSK2,Gene Expression,2436.0,0.005232700511670469,2008,0.004313326201738219
292,ENSG00000188389,PDCD1,Gene Expression,17971.0,0.0386029806630665,14585,0.031329612874677254
293,ENSG00000134853,PDGFRA,Gene Expression,48793.0,0.10481081940309409,29094,0.062495972367217004
294,ENSG00000113721,PDGFRB,Gene Expression,210209.0,0.4515438184966082,84929,0.18243350646784123
295,ENSG00000162493,PDPN,Gene Expression,47216.0,0.1014233117237409,28316,0.060824773271125204
296,ENSG00000134020,PEBP4,Gene Expression,1738.0,0.003733347080986566,1554,0.0033381020505484026
297,ENSG00000261371,PECAM1,Gene Expression,654901.0,1.4067737265162157,205175,0.44073043000081624
298,ENSG00000082175,PGR,Gene Expression,15980.0,0.03432617166522746,12311,0.026444899835457777
299,ENSG00000146070,PLA2G7,Gene Expression,66255.0,0.14232043202000283,36206,0.07777305202197907
300,ENSG00000189129,PLAC9,Gene Expression,7259.0,0.01559284606494907,6033,0.012959311242573044
301,ENSG00000197943,PLCG2,Gene Expression,69741.0,0.14980860689015196,44954,0.09656437553433261
302,ENSG00000166428,PLD4,Gene Expression,17396.0,0.03736783994294724,12777,0.027445900836458776
303,ENSG00000167676,PLIN4,Gene Expression,3196.0,0.006865234333045492,2342,0.00503078185481619
304,ENSG00000109099,PMP22,Gene Expression,149374.0,0.3208659303079904,87257,0.18743421533121105
305,ENSG00000132170,PPARG,Gene Expression,110635.0,0.2376518149050338,62946,0.13521246568456868
306,ENSG00000135447,PPP1R1A,Gene Expression,50300.0,0.10804796212521535,31223,0.06706921513788466
307,ENSG00000131771,PPP1R1B,Gene Expression,7344.0,0.01577543208444496,6198,0.013313742927476833
308,ENSG00000108849,PPY,Gene Expression,2195.0,0.0047150154446291784,1889,0.004057705774443972
309,ENSG00000057657,PRDM1,Gene Expression,153151.0,0.3289791937860607,87562,0.18808937693057864
310,ENSG00000180644,PRF1,Gene Expression,73984.0,0.1589228713692233,46128,0.0990862106741935
311,ENSG00000116690,PRG4,Gene Expression,2319.0,0.004981376226011419,2030,0.004360583759725391
312,ENSG00000117707,PROX1,Gene Expression,61940.0,0.13305150644206437,29245,0.0628203310606744
313,ENSG00000171862,PTEN,Gene Expression,659758.0,1.4172069064772927,256287,0.5505226256299217
314,ENSG00000107317,PTGDS,Gene Expression,221847.0,0.47654306667182206,77076,0.16556470633723852
315,ENSG00000105894,PTN,Gene Expression,41618.0,0.0893984112868233,24550,0.052735138572048444
316,ENSG00000081237,PTPRC,Gene Expression,829650.0,1.7821469538207735,246011,0.5284490499082773
317,ENSG00000100362,PVALB,Gene Expression,2505.0,0.00538091739808478,2122,0.004558206274944472
318,ENSG00000131477,RAMP2,Gene Expression,29279.0,0.06289336546847277,20101,0.04317837150455176
319,ENSG00000079337,RAPGEF3,Gene Expression,27745.0,0.059598224834276334,18817,0.04042024857475501
320,ENSG00000139194,RBP5,Gene Expression,35345.0,0.07592356304802657,21529,0.04624581663208273
321,ENSG00000111404,RERGL,Gene Expression,5789.0,0.012435181963078959,4452,0.009563211279949477
322,ENSG00000104918,RETN,Gene Expression,610.0,0.001310323198735216,482,0.0010353701340825804
323,ENSG00000143333,RGS16,Gene Expression,44995.0,0.09665244643785416,26753,0.05746733858321841
324,ENSG00000132541,RIDA,Gene Expression,41952.0,0.09011586693990127,26245,0.056376118607878264
325,ENSG00000172602,RND1,Gene Expression,10832.0,0.023267903096229278,7667,0.016469258958529343
326,ENSG00000182010,RTKN2,Gene Expression,93496.0,0.2008360291622094,49984,0.10736917174685415
327,ENSG00000160678,S100A1,Gene Expression,18623.0,0.040003522836140865,13751,0.029538121812799925
328,ENSG00000163221,S100A12,Gene Expression,14873.0,0.031948257270145684,6957,0.014944128678034258
329,ENSG00000160307,S100B,Gene Expression,31589.0,0.0678554090571258,21738,0.046694763432960855
330,ENSG00000124939,SCGB2A1,Gene Expression,3557.0,0.007640687898198628,2971,0.006381918399085781
331,ENSG00000079689,SCGN,Gene Expression,4336.0,0.009314035065108027,3547,0.007619207190022641
332,ENSG00000115884,SDC1,Gene Expression,89331.0,0.19188931420691077,46014,0.09884133060098725
333,ENSG00000007908,SELE,Gene Expression,10733.0,0.023055244085287002,5726,0.01229985350157024
334,ENSG00000188404,SELL,Gene Expression,79528.0,0.17083177598199056,49201,0.10568723229667436
335,ENSG00000075223,SEMA3C,Gene Expression,428384.0,0.9201991691262078,109065,0.2342793437214038
336,ENSG00000197632,SERPINB2,Gene Expression,4079.0,0.008761980864985157,3085,0.006626798472292034
337,ENSG00000057149,SERPINB3,Gene Expression,5039.0,0.010824128849879922,3828,0.00822281508976788
338,ENSG00000170542,SERPINB9,Gene Expression,253716.0,0.5449999355578755,125378,0.26932082296889165
339,ENSG00000145423,SFRP2,Gene Expression,9837.0,0.021130572632718555,6151,0.013212783599049694
340,ENSG00000106483,SFRP4,Gene Expression,58214.0,0.12504779457569157,32438,0.06967912118126711
341,ENSG00000196260,SFTA2,Gene Expression,3955.0,0.008495620083602917,3299,0.0070864856272581595
342,ENSG00000095370,SH2D3C,Gene Expression,51992.0,0.11168249794859236,37480,0.08050969424359983
343,ENSG00000117090,SLAMF1,Gene Expression,30009.0,0.06446145716531983,22282,0.047863313957734556
344,ENSG00000026751,SLAMF7,Gene Expression,175258.0,0.3764665953507155,77743,0.16699746957257686
345,ENSG00000165646,SLC18A2,Gene Expression,3030.0,0.006508654577324105,2473,0.005312179131921621
346,ENSG00000149452,SLC22A8,Gene Expression,2823.0,0.006064003918081171,2434,0.005228404370035271
347,ENSG00000155850,SLC26A2,Gene Expression,61470.0,0.13204191315779298,38400,0.08248591939579064
348,ENSG00000091138,SLC26A3,Gene Expression,4021.0,0.008637392757564432,3251,0.006983378228013421
349,ENSG00000004939,SLC4A1,Gene Expression,6477.0,0.013913054685586875,5311,0.011408404112266773
350,ENSG00000095932,SMIM24,Gene Expression,7689.0,0.016516516516516516,6482,0.013923795039674869
351,ENSG00000143499,SMYD2,Gene Expression,113267.0,0.24330553729695362,64536,0.13862789828455063
352,ENSG00000124216,SNAI1,Gene Expression,27514.0,0.059102020475411035,20564,0.04417292829309997
353,ENSG00000145335,SNCA,Gene Expression,14146.0,0.030386609785751417,10941,0.023502042815347537
354,ENSG00000173267,SNCG,Gene Expression,11486.0,0.024672741410938837,7862,0.016888132767961094
355,ENSG00000188817,SNTN,Gene Expression,3937.0,0.00845695480888614,3313,0.007116558618704542
356,ENSG00000164736,SOX17,Gene Expression,16838.0,0.03616921642672716,11743,0.025224795611061706
357,ENSG00000203883,SOX18,Gene Expression,17956.0,0.03857075960080252,13684,0.02939420106802081
358,ENSG00000181449,SOX2,Gene Expression,8448.0,0.018146902267073942,6728,0.014452220460804152
359,ENSG00000124664,SPDEF,Gene Expression,2173.0,0.004667757886642007,1794,0.003853639046772094
360,ENSG00000066336,SPI1,Gene Expression,34516.0,0.07414281234023723,28780,0.061821478130491006
361,ENSG00000269404,SPIB,Gene Expression,24779.0,0.05322704678927855,18442,0.039614722018155496
362,ENSG00000101955,SRPX,Gene Expression,46819.0,0.10057052760915422,28086,0.0603307169830775
363,ENSG00000157005,SST,Gene Expression,1434.0,0.0030803335524365568,1159,0.00248961407759691
364,ENSG00000159167,STC1,Gene Expression,87037.0,0.1869616397513393,41071,0.08822341654959681
365,ENSG00000113739,STC2,Gene Expression,54050.0,0.11610322769121052,28808,0.06188162411338377
366,ENSG00000127954,STEAP4,Gene Expression,77905.0,0.16734545704502787,40032,0.08599157097011174
367,ENSG00000006128,TAC1,Gene Expression,2917.0,0.00626592257493545,2475,0.005316475273556819
368,ENSG00000198650,TAT,Gene Expression,940.0,0.002019186568542792,847,0.0018194159825061112
369,ENSG00000135111,TBX3,Gene Expression,4066.0,0.008734055944356374,3720,0.007990823441467218
370,ENSG00000125878,TCF15,Gene Expression,1261.0,0.002708717300991979,1046,0.0022468820752082554
371,ENSG00000196628,TCF4,Gene Expression,154158.0,0.33114230109938264,93941,0.20179192067604085
372,ENSG00000176907,TCIM,Gene Expression,138759.0,0.29806415857918006,66645,0.14315817963886635
373,ENSG00000100721,TCL1A,Gene Expression,21002.0,0.0451137833112082,12571,0.027003398248033442
374,ENSG00000183508,TENT5C,Gene Expression,104872.0,0.2252724827832124,44884,0.09641401057710071
375,ENSG00000160181,TFF2,Gene Expression,1344.0,0.0028870071788526723,1171,0.002515390927408095
376,ENSG00000003436,TFPI,Gene Expression,243425.0,0.5228941387739671,105106,0.2257751313545305
377,ENSG00000173451,THAP2,Gene Expression,29764.0,0.06393517981500814,24655,0.05296068600789631
378,ENSG00000186340,THBS2,Gene Expression,82239.0,0.17665519596850068,44415,0.0954065653636469
379,ENSG00000154096,THY1,Gene Expression,200019.0,0.4296549768652773,97746,0.20996533013700397
380,ENSG00000181847,TIGIT,Gene Expression,64494.0,0.1385376793102115,44881,0.09640756636464791
381,ENSG00000157150,TIMP4,Gene Expression,9196.0,0.01975365923863778,7222,0.015513367444697918
382,ENSG00000163762,TM4SF18,Gene Expression,205062.0,0.44048769799842763,73733,0.15838370559400602
383,ENSG00000169903,TM4SF4,Gene Expression,5991.0,0.012869092268233899,4804,0.010319332207744225
384,ENSG00000103534,TMC5,Gene Expression,3995.0,0.008581542916306865,3596,0.007724462660084978
385,ENSG00000166292,TMEM100,Gene Expression,12421.0,0.026681187625393635,9235,0.01983743400052413
386,ENSG00000164325,TMEM174,Gene Expression,1424.0,0.0030588528442605694,1323,0.0028418976916830996
387,ENSG00000165685,TMEM52B,Gene Expression,5861.0,0.012589843061946066,4546,0.009765129936803757
388,ENSG00000041982,TNC,Gene Expression,278295.0,0.5977973681836343,88610,0.1903405551474221
389,ENSG00000240505,TNFRSF13B,Gene Expression,11671.0,0.025070134512194597,8392,0.018026610301288413
390,ENSG00000048462,TNFRSF17,Gene Expression,36935.0,0.07933899564800852,21278,0.04570665085686545
391,ENSG00000049249,TNFRSF9,Gene Expression,37861.0,0.08132810922510493,25817,0.05545674429794602
392,ENSG00000131747,TOP2A,Gene Expression,95407.0,0.20494099249464057,42172,0.090588442519773
393,ENSG00000277734,TRAC,Gene Expression,223070.0,0.4791701572817453,124490,0.267413336082864
394,ENSG00000095970,TREM2,Gene Expression,48974.0,0.10519962022107945,31135,0.06688018490593597
395,ENSG00000231738,TSPAN19,Gene Expression,7372.0,0.015835578067337725,5798,0.012454514600437347
396,ENSG00000175063,UBE2C,Gene Expression,82205.0,0.17658216156070233,38877,0.08351054917578522
397,ENSG00000169344,UMOD,Gene Expression,823.0,0.001767862282883742,687,0.001475724651690317
398,ENSG00000243566,UPK3B,Gene Expression,1057.0,0.0022705108542018415,1028,0.0022082168004914785
399,ENSG00000038427,VCAN,Gene Expression,822019.0,1.7657550254116778,171236,0.3678270545223335
400,ENSG00000026025,VIM,Gene Expression,9658841.0,20.747874483925987,438840,0.9426593975950199
401,ENSG00000155659,VSIG4,Gene Expression,233881.0,0.5023929508908049,97325,0.2090609923227949
402,ENSG00000107738,VSIR,Gene Expression,168112.0,0.3611164812881551,101618,0.21828266034274618
403,ENSG00000110002,VWA5A,Gene Expression,26402.0,0.05671336572624126,19061,0.0409443778542491
404,ENSG00000110799,VWF,Gene Expression,190069.0,0.4082816722301701,64333,0.1381918399085781
405,NegControlProbe_00042,NegControlProbe_00042,Negative Control Probe,284.0,0.000610052112198035,247,0.0005305734919468825
406,NegControlProbe_00041,NegControlProbe_00041,Negative Control Probe,22.0,4.725755798717172e-05,17,3.651720389917815e-05
407,NegControlProbe_00039,NegControlProbe_00039,Negative Control Probe,30.0,6.444212452796143e-05,29,6.229405371036272e-05
408,NegControlProbe_00035,NegControlProbe_00035,Negative Control Probe,166.0,0.0003565797557213866,154,0.00033080290591020205
409,NegControlProbe_00034,NegControlProbe_00034,Negative Control Probe,48.0,0.0001031073992447383,43,9.236704515674472e-05
410,NegControlProbe_00033,NegControlProbe_00033,Negative Control Probe,61.0,0.00013103231987352158,58,0.00012458810742072544
411,NegControlProbe_00031,NegControlProbe_00031,Negative Control Probe,151.0,0.0003243586934574059,138,0.00029643377282862263
412,NegControlProbe_00025,NegControlProbe_00025,Negative Control Probe,101.0,0.00021695515257747017,95,0.0002040667276718779
413,NegControlProbe_00024,NegControlProbe_00024,Negative Control Probe,37.0,7.947862025115244e-05,33,7.088633698075759e-05
414,NegControlProbe_00022,NegControlProbe_00022,Negative Control Probe,123.0,0.0002642127105646419,117,0.0002513242856590496
415,NegControlProbe_00019,NegControlProbe_00019,Negative Control Probe,22.0,4.725755798717172e-05,22,4.725755798717172e-05
416,NegControlProbe_00017,NegControlProbe_00017,Negative Control Probe,192.0,0.0004124295969789532,184,0.0003952450304381635
417,NegControlProbe_00016,NegControlProbe_00016,Negative Control Probe,76.0,0.0001632533821375023,72,0.00015466109886710746
418,NegControlProbe_00014,NegControlProbe_00014,Negative Control Probe,286.0,0.0006143482538332323,237,0.0005090927837708954
419,NegControlProbe_00013,NegControlProbe_00013,Negative Control Probe,37.0,7.947862025115244e-05,36,7.733054943355373e-05
420,NegControlProbe_00012,NegControlProbe_00012,Negative Control Probe,102.0,0.0002191032233950689,99,0.00021265901094227275
421,NegControlProbe_00009,NegControlProbe_00009,Negative Control Probe,55.0,0.0001181438949679293,52,0.00011169968251513316
422,NegControlProbe_00004,NegControlProbe_00004,Negative Control Probe,76.0,0.0001632533821375023,75,0.0001611053113199036
423,NegControlProbe_00003,NegControlProbe_00003,Negative Control Probe,76.0,0.0001632533821375023,70,0.00015036495723191003
424,NegControlProbe_00002,NegControlProbe_00002,Negative Control Probe,120.0,0.00025776849811184573,115,0.0002470281440238522
425,NegControlCodeword_0500,NegControlCodeword_0500,Negative Control Codeword,27.0,5.799791207516529e-05,27,5.799791207516529e-05
426,NegControlCodeword_0501,NegControlCodeword_0501,Negative Control Codeword,32.0,6.873826616315887e-05,32,6.873826616315887e-05
427,NegControlCodeword_0502,NegControlCodeword_0502,Negative Control Codeword,24.0,5.155369962236915e-05,24,5.155369962236915e-05
428,NegControlCodeword_0503,NegControlCodeword_0503,Negative Control Codeword,83.0,0.0001782898778606933,83,0.0001782898778606933
429,NegControlCodeword_0504,NegControlCodeword_0504,Negative Control Codeword,51.0,0.00010955161169753444,51,0.00010955161169753444
430,NegControlCodeword_0505,NegControlCodeword_0505,Negative Control Codeword,29.0,6.229405371036272e-05,29,6.229405371036272e-05
431,NegControlCodeword_0506,NegControlCodeword_0506,Negative Control Codeword,64.0,0.00013747653232631775,64,0.00013747653232631775
432,NegControlCodeword_0507,NegControlCodeword_0507,Negative Control Codeword,100.0,0.00021480708175987146,100,0.00021480708175987146
433,NegControlCodeword_0508,NegControlCodeword_0508,Negative Control Codeword,35.0,7.518247861595501e-05,35,7.518247861595501e-05
434,NegControlCodeword_0509,NegControlCodeword_0509,Negative Control Codeword,11.0,2.362877899358586e-05,11,2.362877899358586e-05
435,NegControlCodeword_0510,NegControlCodeword_0510,Negative Control Codeword,85.0,0.00018258601949589073,85,0.00018258601949589073
436,NegControlCodeword_0511,NegControlCodeword_0511,Negative Control Codeword,20.0,4.296141635197429e-05,20,4.296141635197429e-05
437,NegControlCodeword_0512,NegControlCodeword_0512,Negative Control Codeword,14.0,3.0072991446382003e-05,14,3.0072991446382003e-05
438,NegControlCodeword_0513,NegControlCodeword_0513,Negative Control Codeword,201.0,0.0004317622343373416,201,0.0004317622343373416
439,NegControlCodeword_0514,NegControlCodeword_0514,Negative Control Codeword,83.0,0.0001782898778606933,83,0.0001782898778606933
440,NegControlCodeword_0515,NegControlCodeword_0515,Negative Control Codeword,55.0,0.0001181438949679293,55,0.0001181438949679293
441,NegControlCodeword_0516,NegControlCodeword_0516,Negative Control Codeword,128.0,0.0002749530646526355,128,0.0002749530646526355
442,NegControlCodeword_0517,NegControlCodeword_0517,Negative Control Codeword,116.0,0.0002491762148414509,116,0.0002491762148414509
443,NegControlCodeword_0518,NegControlCodeword_0518,Negative Control Codeword,51.0,0.00010955161169753444,51,0.00010955161169753444
444,NegControlCodeword_0519,NegControlCodeword_0519,Negative Control Codeword,9.0,1.9332637358388432e-05,9,1.9332637358388432e-05
445,NegControlCodeword_0520,NegControlCodeword_0520,Negative Control Codeword,37.0,7.947862025115244e-05,37,7.947862025115244e-05
446,NegControlCodeword_0521,NegControlCodeword_0521,Negative Control Codeword,108.0,0.00023199164830066117,108,0.00023199164830066117
447,NegControlCodeword_0522,NegControlCodeword_0522,Negative Control Codeword,29.0,6.229405371036272e-05,29,6.229405371036272e-05
448,NegControlCodeword_0523,NegControlCodeword_0523,Negative Control Codeword,34.0,7.30344077983563e-05,34,7.30344077983563e-05
449,NegControlCodeword_0524,NegControlCodeword_0524,Negative Control Codeword,37.0,7.947862025115244e-05,36,7.733054943355373e-05
450,NegControlCodeword_0525,NegControlCodeword_0525,Negative Control Codeword,22.0,4.725755798717172e-05,22,4.725755798717172e-05
451,NegControlCodeword_0526,NegControlCodeword_0526,Negative Control Codeword,40.0,8.592283270394858e-05,40,8.592283270394858e-05
452,NegControlCodeword_0527,NegControlCodeword_0527,Negative Control Codeword,35.0,7.518247861595501e-05,35,7.518247861595501e-05
453,NegControlCodeword_0528,NegControlCodeword_0528,Negative Control Codeword,59.0,0.00012673617823832415,59,0.00012673617823832415
454,NegControlCodeword_0529,NegControlCodeword_0529,Negative Control Codeword,54.0,0.00011599582415033058,54,0.00011599582415033058
455,NegControlCodeword_0530,NegControlCodeword_0530,Negative Control Codeword,53.0,0.00011384775333273187,53,0.00011384775333273187
456,NegControlCodeword_0531,NegControlCodeword_0531,Negative Control Codeword,34.0,7.30344077983563e-05,34,7.30344077983563e-05
457,NegControlCodeword_0532,NegControlCodeword_0532,Negative Control Codeword,29.0,6.229405371036272e-05,29,6.229405371036272e-05
458,NegControlCodeword_0533,NegControlCodeword_0533,Negative Control Codeword,50.0,0.00010740354087993573,50,0.00010740354087993573
459,NegControlCodeword_0534,NegControlCodeword_0534,Negative Control Codeword,80.0,0.00017184566540789716,80,0.00017184566540789716
460,NegControlCodeword_0535,NegControlCodeword_0535,Negative Control Codeword,69.0,0.00014821688641431131,69,0.00014821688641431131
461,NegControlCodeword_0536,NegControlCodeword_0536,Negative Control Codeword,34.0,7.30344077983563e-05,34,7.30344077983563e-05
462,NegControlCodeword_0537,NegControlCodeword_0537,Negative Control Codeword,44.0,9.451511597434344e-05,44,9.451511597434344e-05
463,NegControlCodeword_0538,NegControlCodeword_0538,Negative Control Codeword,44.0,9.451511597434344e-05,44,9.451511597434344e-05
464,NegControlCodeword_0539,NegControlCodeword_0539,Negative Control Codeword,116.0,0.0002491762148414509,115,0.0002470281440238522
465,NegControlCodeword_0540,NegControlCodeword_0540,Negative Control Codeword,33.0,7.088633698075759e-05,33,7.088633698075759e-05
466,UnassignedCodeword_0006,UnassignedCodeword_0006,Unassigned Codeword,43.0,9.236704515674472e-05,43,9.236704515674472e-05
467,UnassignedCodeword_0037,UnassignedCodeword_0037,Unassigned Codeword,29.0,6.229405371036272e-05,29,6.229405371036272e-05
468,UnassignedCodeword_0069,UnassignedCodeword_0069,Unassigned Codeword,70.0,0.00015036495723191003,70,0.00015036495723191003
469,UnassignedCodeword_0400,UnassignedCodeword_0400,Unassigned Codeword,32.0,6.873826616315887e-05,32,6.873826616315887e-05
470,UnassignedCodeword_0402,UnassignedCodeword_0402,Unassigned Codeword,76.0,0.0001632533821375023,76,0.0001632533821375023
471,UnassignedCodeword_0403,UnassignedCodeword_0403,Unassigned Codeword,16.0,3.436913308157944e-05,16,3.436913308157944e-05
472,UnassignedCodeword_0404,UnassignedCodeword_0404,Unassigned Codeword,74.0,0.00015895724050230488,74,0.00015895724050230488
473,UnassignedCodeword_0405,UnassignedCodeword_0405,Unassigned Codeword,22.0,4.725755798717172e-05,22,4.725755798717172e-05
474,UnassignedCodeword_0406,UnassignedCodeword_0406,Unassigned Codeword,36.0,7.733054943355373e-05,36,7.733054943355373e-05
475,UnassignedCodeword_0409,UnassignedCodeword_0409,Unassigned Codeword,66.0,0.00014177267396151517,66,0.00014177267396151517
476,UnassignedCodeword_0411,UnassignedCodeword_0411,Unassigned Codeword,19.0,4.081334553437558e-05,19,4.081334553437558e-05
477,UnassignedCodeword_0413,UnassignedCodeword_0413,Unassigned Codeword,26.0,5.584984125756658e-05,26,5.584984125756658e-05
478,UnassignedCodeword_0414,UnassignedCodeword_0414,Unassigned Codeword,36.0,7.733054943355373e-05,36,7.733054943355373e-05
479,UnassignedCodeword_0416,UnassignedCodeword_0416,Unassigned Codeword,13.0,2.792492062878329e-05,13,2.792492062878329e-05
480,UnassignedCodeword_0418,UnassignedCodeword_0418,Unassigned Codeword,7.0,1.5036495723191001e-05,7,1.5036495723191001e-05
481,UnassignedCodeword_0420,UnassignedCodeword_0420,Unassigned Codeword,39.0,8.377476188634987e-05,39,8.377476188634987e-05
482,UnassignedCodeword_0421,UnassignedCodeword_0421,Unassigned Codeword,28.0,6.0145982892764006e-05,28,6.0145982892764006e-05
483,UnassignedCodeword_0428,UnassignedCodeword_0428,Unassigned Codeword,42.0,9.021897433914601e-05,42,9.021897433914601e-05
484,UnassignedCodeword_0430,UnassignedCodeword_0430,Unassigned Codeword,16.0,3.436913308157944e-05,16,3.436913308157944e-05
485,UnassignedCodeword_0432,UnassignedCodeword_0432,Unassigned Codeword,43.0,9.236704515674472e-05,43,9.236704515674472e-05
486,UnassignedCodeword_0433,UnassignedCodeword_0433,Unassigned Codeword,19.0,4.081334553437558e-05,19,4.081334553437558e-05
487,UnassignedCodeword_0434,UnassignedCodeword_0434,Unassigned Codeword,26.0,5.584984125756658e-05,26,5.584984125756658e-05
488,UnassignedCodeword_0435,UnassignedCodeword_0435,Unassigned Codeword,26.0,5.584984125756658e-05,26,5.584984125756658e-05
489,UnassignedCodeword_0436,UnassignedCodeword_0436,Unassigned Codeword,60.0,0.00012888424905592287,60,0.00012888424905592287
490,UnassignedCodeword_0438,UnassignedCodeword_0438,Unassigned Codeword,24.0,5.155369962236915e-05,23,4.940562880477044e-05
491,UnassignedCodeword_0439,UnassignedCodeword_0439,Unassigned Codeword,8.0,1.718456654078972e-05,8,1.718456654078972e-05
492,UnassignedCodeword_0440,UnassignedCodeword_0440,Unassigned Codeword,25.0,5.3701770439967865e-05,25,5.3701770439967865e-05
493,UnassignedCodeword_0445,UnassignedCodeword_0445,Unassigned Codeword,50.0,0.00010740354087993573,50,0.00010740354087993573
494,UnassignedCodeword_0449,UnassignedCodeword_0449,Unassigned Codeword,20.0,4.296141635197429e-05,20,4.296141635197429e-05
495,UnassignedCodeword_0453,UnassignedCodeword_0453,Unassigned Codeword,46.0,9.881125760954088e-05,46,9.881125760954088e-05
496,UnassignedCodeword_0456,UnassignedCodeword_0456,Unassigned Codeword,42.0,9.021897433914601e-05,42,9.021897433914601e-05
497,UnassignedCodeword_0461,UnassignedCodeword_0461,Unassigned Codeword,40.0,8.592283270394858e-05,40,8.592283270394858e-05
498,UnassignedCodeword_0471,UnassignedCodeword_0471,Unassigned Codeword,14.0,3.0072991446382003e-05,14,3.0072991446382003e-05
499,UnassignedCodeword_0475,UnassignedCodeword_0475,Unassigned Codeword,17.0,3.651720389917815e-05,17,3.651720389917815e-05
500,UnassignedCodeword_0484,UnassignedCodeword_0484,Unassigned Codeword,44.0,9.451511597434344e-05,44,9.451511597434344e-05
501,DeprecatedCodeword_0485,DeprecatedCodeword_0485,Deprecated Codeword,136.0,0.0002921376311934252,136,0.0002921376311934252
502,DeprecatedCodeword_0486,DeprecatedCodeword_0486,Deprecated Codeword,7.0,1.5036495723191001e-05,7,1.5036495723191001e-05
503,DeprecatedCodeword_0487,DeprecatedCodeword_0487,Deprecated Codeword,56.0,0.00012029196578552801,56,0.00012029196578552801
504,DeprecatedCodeword_0488,DeprecatedCodeword_0488,Deprecated Codeword,20.0,4.296141635197429e-05,20,4.296141635197429e-05
505,DeprecatedCodeword_0489,DeprecatedCodeword_0489,Deprecated Codeword,62.0,0.0001331803906911203,62,0.0001331803906911203
506,DeprecatedCodeword_0490,DeprecatedCodeword_0490,Deprecated Codeword,115.0,0.0002470281440238522,115,0.0002470281440238522
507,DeprecatedCodeword_0491,DeprecatedCodeword_0491,Deprecated Codeword,62.0,0.0001331803906911203,62,0.0001331803906911203
508,DeprecatedCodeword_0492,DeprecatedCodeword_0492,Deprecated Codeword,21.0,4.5109487169573004e-05,21,4.5109487169573004e-05
509,DeprecatedCodeword_0493,DeprecatedCodeword_0493,Deprecated Codeword,73.0,0.00015680916968470617,73,0.00015680916968470617
510,DeprecatedCodeword_0494,DeprecatedCodeword_0494,Deprecated Codeword,140.0,0.00030072991446382006,139,0.0002985818436462213
511,DeprecatedCodeword_0495,DeprecatedCodeword_0495,Deprecated Codeword,149.0,0.00032006255182220845,149,0.00032006255182220845
512,DeprecatedCodeword_0496,DeprecatedCodeword_0496,Deprecated Codeword,39.0,8.377476188634987e-05,39,8.377476188634987e-05
513,DeprecatedCodeword_0497,DeprecatedCodeword_0497,Deprecated Codeword,69.0,0.00014821688641431131,69,0.00014821688641431131
514,DeprecatedCodeword_0498,DeprecatedCodeword_0498,Deprecated Codeword,24.0,5.155369962236915e-05,24,5.155369962236915e-05
515,DeprecatedCodeword_0499,DeprecatedCodeword_0499,Deprecated Codeword,44.0,9.451511597434344e-05,43,9.236704515674472e-05
516,TXP000019,PD-1,Protein Expression,3341176.0,7.177082662061203,74490,0.16000979520292824
517,TXP000023,VISTA,Protein Expression,10222893.0,21.959498124734175,249918,0.5368415625926356
518,TXP000029,PD-L1,Protein Expression,274645.0,0.589956909699399,19988,0.04293563950216311
519,TXP000016,LAG-3,Protein Expression,9329946.0,20.041384732371856,105585,0.2268040572761603
520,TXP000044,CD16,Protein Expression,12408019.0,26.653303518110384,183993,0.3952299939424403
521,TXP000013,GranzymeB,Protein Expression,263130.0,0.5652218742347498,8997,0.019326193145935634
522,TXP000034,CD163,Protein Expression,11383030.0,24.451554558850695,169333,0.36373927575644316
523,TXP000007,CD4,Protein Expression,3575852.0,7.681183329251999,86313,0.18540643647939786
524,TXP000004,CD20,Protein Expression,9387914.0,20.16590410152642,49833,0.10704481305339675
525,TXP000011,CD8A,Protein Expression,32482022.0,69.77368355479943,187679,0.40314778297610915
526,TXP000005,CD3E,Protein Expression,65243985.0,140.14870020234827,283247,0.6084346148723832
527,TXP000003,CD138,Protein Expression,1121689.0,2.409467407321485,18745,0.040265587475887904
528,TXP000015,HLA-DR,Protein Expression,54901323.0,117.93192978386111,356781,0.766390854373687
529,TXP000002,CD11c,Protein Expression,1363267.0,2.928394059295347,53420,0.11474994307612334
530,TXP000010,CD68,Protein Expression,55159412.0,118.48632323310434,243749,0.5235901137188691
531,TXP000008,CD45RA,Protein Expression,18043034.0,38.7577147963414,102325,0.21980134641078847
532,TXP000018,PCNA,Protein Expression,18526385.0,39.79598697409856,355931,0.764564994178728
533,TXP000009,CD45RO,Protein Expression,6044586.0,12.984198791065744,168580,0.3621217784307913
534,TXP000030,Ki-67,Protein Expression,1115862.0,2.396950598667337,32426,0.06965334433145592
535,TXP000035,Beta-catenin,Protein Expression,1208888.0,2.596777034545275,66397,0.14262545807610186
536,TXP000006,CD31,Protein Expression,11840851.0,25.434986488634557,164789,0.3539784419612746
537,TXP000021,PTEN,Protein Expression,67504264.0,145.00393956187946,464887,0.9986101981810136
538,TXP000017,PanCK,Protein Expression,3253828.0,6.989452972285591,42161,0.0905648137407794
539,TXP000022,Vimentin,Protein Expression,106934791.0,229.70350393311767,455342,0.9781068622270339
540,TXP000001,alphaSMA,Protein Expression,10177442.0,21.861866158003497,238686,0.5127144311693668
541,TXP000024,CD45,Protein Expression,93847688.0,201.59147989190907,445864,0.9577474470178333
542,TXP000025,E-Cadherin,Protein Expression,15690216.0,33.70369511142043,409018,0.8785996296725911
